BLENDER/Project London - Official Trailer [2009].mp4;Project_London_trailer_2009.mp4;Project London - Official Trailer (2009)
BLENDER/big_buck_bunny_720p_h264.mov;big_buck_bunny_720p_h264.mov;Big Buck Bunny 720p H.264 MOV
BLENDER/big_buck_bunny_720p_h264.mp4;big_buck_bunny_720p_h264.mp4;Big Buck Bunny 720p H.264 MP4
BLENDER/tears_of_steel_720p.mkv;tears_of_steel_720p.mkv;Tears of Steel 720p MKV
BLENDER/tears_of_steel_720p.mov;tears_of_steel_720p.mov;Tears of Steel 720p MOV
BLENDER/tears_of_steel_720p.mp4;tears_of_steel_720p.mp4;Tears of Steel 720p MP4
hepia/Agronomie.flv;hepia_Agronomie.flv;hepia - Agronomie
hepia/Architecture.flv;hepia_Architecture.flv;hepia - Architecture
hepia/Architecture du paysage.flv;hepia_Architecture_du_paysage.flv;hepia - Architecture du paysage
hepia/Génie civil.flv;hepia_Genie_civil.flv;hepia - Génie civil
hepia/Gestion de la nature.flv;hepia_Gestion_de_la_nature.flv;hepia - Gestion de la nature
hepia/Informatique.mp4;hepia_Informatique.mp4;hepia - Informatique
hepia/ITI.mov;hepia_ITI.mov;hepia - ITI
hepia/microtechniques.flv;hepia_Microtechniques.flv;hepia - Microtechniques
hepia/Télécommunications.avi;hepia_Telecommunications.avi;hepia - Télécommunications
hepia/MusiqueChinoise.mp4;MusiqueChinoise.mp4;Sounds of Shangai (2013) by Andrés Revuelta
hepia/deploy_lxc_bug-cannonical_path.mp4;deploy_lxc_bug-cannonical_path.mp4;JuJu deploy LXC bug 'Cannonical path'
hepia/deploy_lxc_bug-memtest86+.mp4;deploy_lxc_bug-memtest86+.mp4;JuJu deploy LXC bug 'memtest86+'
hepia/deploy_maas_1.mp4;deploy_maas_1.mp4;JuJu deploy MAAS servers room (1)
hepia/deploy_maas_2.mp4;deploy_maas_2.mp4;JuJu deploy MAAS servers room (2)
youtube/Psy - Gangnam Style.flv;Psy_gangnam_style.flv;Psy - Gangnam Style
