Project London - Official Trailer [2009].mp4;Project_London_trailer_2009.mp4;Project London - Official Trailer (2009)
Psy - Gangnam Style.flv;Psy_gangnam_style.flv;Psy - Gangnam Style
big_buck_bunny_720p_h264.mov;big_buck_bunny_720p_h264.mov;Big Buck Bunny 720p H.264 MOV
big_buck_bunny_720p_h264.mp4;big_buck_bunny_720p_h264.mp4;Big Buck Bunny 720p H.264 MP4
tears_of_steel_720p.mkv;tears_of_steel_720p.mkv;Tears of Steel 720p MKV
tears_of_steel_720p.mov;tears_of_steel_720p.mov;Tears of Steel 720p MOV
tears_of_steel_720p.mp4;tears_of_steel_720p.mp4;Tears of Steel 720p MP4
Agronomie.flv;hepia_Agronomie.flv;hepia - Agronomie
Architecture.flv;hepia_Architecture.flv;hepia - Architecture
Architecture du paysage.flv;hepia_Architecture_du_paysage.flv;hepia - Architecture du paysage
Génie civil.flv;hepia_Genie_civil.flv;hepia - Génie civil
Gestion de la nature.flv;hepia_Gestion_de_la_nature.flv;hepia - Gestion de la nature
Informatique.mp4;hepia_Informatique.mp4;hepia - Informatique
ITI.mov;hepia_ITI.mov;hepia - ITI
microtechniques.flv;hepia_Microtechniques.flv;hepia - Microtechniques
Télécommunications.avi;hepia_Telecommunications.avi;hepia - Télécommunications
MusiqueChinoise.mp4;MusiqueChinoise.mp4;Sounds of Shangai (2013) by Andrés Revuelta
deploy_lxc_bug-cannonical_path.mp4;deploy_lxc_bug-cannonical_path.mp4;JuJu deploy LXC bug 'Cannonical path'
deploy_lxc_bug-memtest86+.mp4;deploy_lxc_bug-memtest86+.mp4;JuJu deploy LXC bug 'memtest86+'
init_and_jobs.mp4;init_and_jobs.mp4;David deploying OSCIED r1110 -> LXC
